phrase,value
его минимальный срок составляет один месяц,
его правление продлилось всего два года,
"но ведь это молодой , тридцатилетний человек , - шептала",
благодарю за уделенную мне минутку,
"благодарю за минуту , которую вы мне уделили",
"добрый вечер , где тут у вас ноги вытереть",
"завтракать или уже обедать , уж не знаю",
почему вы не пришли на завтрак,
"посиди и подожди меня , пока я завтракаю",
"ну - с , завтракать , завтракать",
завтрак сейчас принесут,
завтрак готов,
мы принесли тебе завтрак,
а я был женат меньше года,
мой брак длился менее года,
а ведь день начался так славно,
а ведь прошло уже несколько часов,
а теперь оставалось очень мало времени,
болезнь продолжалась всего несколько дней,
более полугода мы не виделись,
более сильно был разрушен город,
более часа длился этот бой,
более года я был сочувствующим,
более четырех часов продолжался бой,
более месяца продолжалось трудное плавание,
более 100 человек было ранено,
более пятнадцати минут продолжалась бомбежка,
более трех часов гремел бой,
"призывники , без пяти минут защитники отечества . так закончилась свадьба без пяти минут покойников",
без пяти минут профессор,
без пяти минут министр обороны был бледен,
тогда я герцог без пяти минут,
это заняло три минуты без двух секунд,
без пяти минут мученик,
без десяти минут тристан,
без пяти минут миллионеры,
войне без пяти минут конец,
"ты командир , без пяти минут орденоносец",
воронцов мало что без пяти минут депутат,
мой сын без пяти минут гражданин нона,
без пяти минут моряки торгового флота,
она же без трех минут мужняя жена,
без пяти минут полковник и заслуженный герой,
"как же , без пяти минут парижанин",
ты ведь без пяти минут дипломированный юрист,
падал без парашюта около трех минут,
"его , без пяти минут доктора",
размещение заняло 15 минут без всяких подхалимажей,
ехать минут 4 до отеля без остановок,
размещение без проблем - 15 минут,
ехать 3 часа 45 минут без остановок,
"ехали около 5 минут , без пробок",
расселили за 15 минут без проблем,
поезд идет без остановок 5 минут,
"водитель минут 15 возился , без результатов",
без остановок езды минут на 15,
без проблем в течении 5 минут приносили,
ехали до отеля минут 4 без остановок,
автобус ходит без проблем каждые 15 минут,
заселились без проблем в течение 5 минут,
дошли сами за 5 минут без проблем,
поселили за 1 минут без всяких проблем,
заселились абсолютно без проблем за 15 минут,
без всякой мзды разместили за 5 минут,
до моря минут 5 и без ступенек,
"регистрация заняла 5 минут , без задержек",
без массажа 35 евро 4 минут,
заселили без проблем за 10 минут,
минут 15 езды без остановок,
селят за 3 минуты без вопросов,
до пляжа без волн 5 минут пешком,
границу прошли за 5 минут без проблем,
в пути без пяти минут 4 часа,
время ожидания в афинах получается 8 часов,
дорога к воде занимает более 3 часов,
потусовались лишние 3 часа в аэропорту,
обратный путь в кейптаун занял часов 5,
за 3 часа приехал в аэропорт,
обещанные минут ожидания превратились в 3 часа,
можно уложится в 5 часов экскурсии,
в каждой задерживались минут на 5,
до вылета оставалось в аккурат 3 часа,
процесс захода в воду занимает 5 минут,
все в пределах 5 минут езды,
в шарме ждать 4 часа,
где-то часа 3 сидели в воде,
"ничего , что 7 часов в небе",
4 часа в дороге пролетают незаметно,
я послушал экскурсию в течении 5 минут,
к подьемнику 7 минут ходьбы,
следующие 4 часа прошли в непрерывной дороге,
"в общем , добирались около 5 часов",
ждать 3 часа после прилета не хочется,
в горку 10 минут тоскливо топать,
вниз до вокзала 8 минут в пути,
в запасе 3 минуты,
9 минут в пути,
переезд в лозанну длился около 40 минут,
полученный пароль действует в течение 4 часов,
в очереди действительно пришлось постоять минут 30,
под джубгой 5 часов простояли в пробке,
время в пути 11 дней 18 часов,
идти в любом направлении минут 15,
в пенише великолепно откатал 4 часа индивидуально,
в итоге доехали за 5 минут,
на границе в очередях провел 5 часов,
итого получается всего 4 часа в городе,
8 часов просидеть в вагоне,
заселение заняло 10 минут после приезда поезда,
автобусы отправляются с интервалом в 30 минут,
ходит с периодичностью в 30 минут,
в общей сложности около 5 минут,
"часов в 5 можно уложиться , наверное",
в городе провели 3 часа,
время в пути примерно 4 часа,
был в италии один раз 7 часов,
в пути около 1 часа,
время в пути 1 час 7 минут,
в пути - 4 минут,
1 минут разминка и дальше в путь,
массу подогреть в течение 5 минут,
он продержался в космосе около 5 минут,
в запасе оставалось всего 14 минут,
машина находилась в воздухе 13 минут,
к делу приобщено видеозаписей на 15 часов,
провел в космосе 12 часов,
послеобеденный сон в течение 4 минут,
и тут простоял в заторе минут 4,
"скажем , после 5 часов работы",
дежурю по 5 часов в день,
он затонул в течение 16 минут,
он будет работать 3 часа в сутки,
мы работаем по 16 часов в сутки,
будем работать по 3 часа в сутки,
15 - й моторизованный корпус двинулся на радом,
15 - летнего фейсала мы встретили в вифлееме,
15 - летний ирисхан держал в руке ножницы,
15% транспортных емкостей вышло из строя,
15% разосланных сертификатов мы получили обратно,
150 рыбаков дрейфуют на оторвавшейся льдине,
150 чеченских детей сели за парты,
150 работ приняло участие в конкурсе,
150 мальчиков прошли там процедуру обрезания,
15 человек становились народными избранниками дважды,
15 регионов вообще сохранили их натуральными,
15 дней ребята находились в заточении,
15 человек считаются пропавшими без вести,
15 лет он не мог работать,
в общей сложности мятеж продлился 10 часов,
может находиться в воздухе 9 часов,
работали по 11 часов в день,
и двигаться минимум 3 часа в день,
спасатель проводил обследование в течение 35 минут,
поставить в холодильник на 2 - 3 часа,
мы работали по 4 часа в сутки,
чтобы в сутках было 3 часа,
в протокол вносится 5 штрафных минут,
и стал работать 3 часа в сутки,
перерыв в движении составил 17 часов,
артподготовка длилась в течение 8 минут,
ограничение в 3 минуты тут не действует,
до отъезда в аэропорт остается 4 минут,
в воздухе туристы проведут примерно 5 часов,
в целом программа рассчитана на 4 часов,
время в пути - 4 минуты,
люди стояли в очередях по 12 часов,
в его собрании более 8 часов записей,
кабельное телевидение вещает 4 часа в сутки,
она находилась в полете 3 драматические минуты,
их длительность достигает 14 часов в сутки,
огурцы вымачивают 4 часа в холодной воде,
впервые визы оформляются в течение 7 часов,
мы просидели 15 часов в разных камерах,
в течение 17 минут автобус выгорел полностью,
человек работает 5 часов в сутки,
потом снова в духовку на 5 минут,
подержите пальцы в этом составе 15 минут,
после включения они накаливаются 8 минут,
в целом наводнение продолжалось около 10 часов,
генерал занят 4 часа в сутки,
работали по 4 часа в день,
оборудование работает 4 часа в сутки,
время в пути 45 минут,
в итоге трамвай простоял 40 минут,
он может работать 4 часа в сутки,
наш мир активен 4 часа в сутки,
время в пути менее 5 часов,
напряжения в сетях не было 3 минуты,
заниматься придется около 4 часов в неделю,
после 3 часов испытаний выявилась утечка,
после начала высадки прошло больше 3 часов,
весной пашет по 10 часов в сутки,
в городе мы были всего 3 часа,
а я работаю 4 часа в сутки,
они находятся в школе 8 часов,
работаем по 9 часов в сутки,
через 13 минут были в отделе,
прогулка продолжалась в общей сложности 5 минут,
его на 5 минут отправляют в холодильник,
работать по 10 часов в день,
после аварии прошло 6 часов,
нотариус работает по 8 часов в день,
яйца варить 10 минут в подсоленной воде,
работали в две смены по 9 часов,
заживление происходит в течение 4 часов,
зрение обычно восстанавливается в течение 4 часов,
ответ будет выдаваться в течение 4 часов,
время в пути 4 часа,
в час на рекламу отведено 15 минут,
в общей сложности это составит 12 часов,
прошла она в объеме больше 5 минут,
вкалываешь по 4 часа в сутки,
поставьте на 30 минут в холодильник,
работали по 11 часов в сутки,
выпекайте в горячей духовке около 35 минут,
ведь сколиоз формируется 4 часа в сутки,
ориентировочное время в пути - 5 часов,
пожарные приехали через 4 минуты после вызова,
обслуживаются в течение 5 - 7 минут,
расстояние в 30 километров преодолевали два часа,
я работаю по 12 часов в день,
через 12 минут настой вылейте в ванну,
теперь в духовку на 7 минут,
всего 3 часа в неделю,
убийцы хозяйничали в лагерях 5 часов,
все это происходило в течение 10 минут,
поставьте в духовку еще на 16 минут,
после первого делаем паузу около 13 минут,
ведет свои передачи 4 часа в сутки,
работать приходилось по 4 часа в сутки,
желательно спать 4 часа в сутки,
вкалывают теперь по 10 часов в сутки,
в день тренируюсь по 5 - часов,
взрывы прозвучали с интервалом в 10 минут,
литературе отводится всего 4 часа в неделю,
морковь 5 минут варить в подсоленной воде,
информация будет обновляться 4 часа в сутки,
задержанных продержали в отделении милиции 7 часов,
время подлета к району поиска 36 минут,
носить их следует 4 часа в сутки,
веселье продолжалось в общей сложности 13 часов,
я вернулся в агентство через 12 минут,
минут через 14 после этого случилось непоправимое,
тестирование проводится в течение 3 академических часов,
отгрузка ведется - 4 часа в сутки,
в сентябре смена отработала 45 часов,
шестнадцать лет 4 часа в сутки вместе,
работают по 9 часов в день,
мариновать в течение 3 часов,
выпекайте в духовке 18 минут,
лишь после 3 минут тишины последний очнулся,
исследование проходит в течение 37 минут,
не кормите пострадавшего в течение 7 часов,
отдыхайте в такой позе 5 минут,
сплю по 4 часа в сутки,
варить в скороварке 30 - 35 минут,
настаивают в течение 3 часов,
таймы по 30 минут в любую погоду,
после дражирования семена подсушивают - 3 часа,
жизнь бьет ключом 4 часа в сутки,
пожарные прибыли спустя 8 минут после вызова,
в запасе у саперов 4 часа,
следующие 11 минут прошли в изнурительной борьбе,
стало светло как днем,
то же самое с днем победы,
предпочитаю жить одним днем,
1937 год стал для коммуны роковым,
1990 год был для лены легендарным,
1996 год был не просто високосным,
1998 год тоже упускать не следует,
1999 год был закончен с прибылью,
18 человек не определились в выборе,
180 тонн серной кислоты оказались бесхозными,
1800 деревенских ребят живут в общежитии,
17 человек находятся там и сегодня,
этот день и называют днем рождения авиации,
"в общем , оставил коллег без обеда",
сам христос меня поздравил с днем рожденья,
я работаю менеджером с ненормированным рабочим днем,
я обязательно поздравлю ее с днем рождения,
день за днем он разрабатывал неподвижную руку,
такой киоск днем с огнем не сыщешь,
носит от своего обеда остатки,
подошло время обеда и финального матча,
хочешь - спи до обеда,
но жить только сегодняшним днем нельзя,
даже с прошедшим днем рождения хором поздравили,
театр жив сегодняшним днем,
свою акцию они назвали днем свободной прессы,
подготовительный этап занял четыре года,
красный день календаря,
выход книги мог задержаться на год,
ждать пришлось полтора месяца,
вся регистрация должна занять 15 минут,
это продолжается около пяти минут,
в компании строго регламентирован рабочий день,
программа рассчитана на два года,
остальные компании получили контракты только на год,
именно он спровадил старый год,
чартеры будут летать всего два месяца,
расследование нарушений энергокомпании заняло более десяти месяцев,
три дня сплошной работы,
выделяется специальный день для заполнения корпоративных отчетов,
самой концепции уже 40 лет,
тяжелая выдалась на планете неделька,
процедура выбора укладывается в пять минут,
вся операция занимает несколько минут,
некоторые ароматы держатся всего три месяца,
покупатели опять все смели за несколько часов,
день разочарований,
сделка года под угрозой,
сто лет успеха,
он обычно составляет семь лет,
шиншилл растили три года,
туристы едут в основном на три дня,
ситуация в стране меняется день ото дня,
сроки варьируются от одного до трех месяцев,
контракт заключен на три года,
первый год комом,
этот год стал поворотным в судьбе боинга,
семь лет лидерства,
после избрания прошел от силы месяц,
ждать оставалось еще минут двадцать,
на планирование уходит до 3 минут,
мощность заводов - шесть кораблей в год,
он занимает примерно 15 месяцев,
"к счастью , прогнозы сентября не сбылись",
на обсуждение предложения ушло несколько месяцев,
однако общий результат прошлого года негативный,
эти аппараты выпускались несколько лет,
проект рассчитан на три года,
год прошел,
проект сделали всего за месяц,
около двух месяцев ушло на расчеты,
порой процесс согласования затягивается на несколько месяцев,
там она и пролежала следующие 15 лет,
этому бостонскому институту более ста лет,
проект выполнен за два месяца,
я проработала генеральным директором восемь лет,
до революции осталось два года,
пике длиною два года,
при этом каждый час фиксируется,
август 1998 года научил компьютерщиков многому,
средний возраст студентов - 5 лет,
начало года ознаменовалось резким подорожанием золота,
разработка стратегического плана реорганизации заняла почти год,
спокойного нового года,
"фактически "" завтрашний день "" уже наступил",
срок службы телефона составляет около трех лет,
срок размещения вклада - до полутора лет,
максимальный срок кредита - три месяца,
"правда , доходы комбината третий год падают",
увеличенная до пяти лет гарантия,
реорганизация управления у нас продолжится примерно год,
на поиски инвестора ушло больше года,
половины рабочего дня как не бывало,
этакая рекламная интермедия на 15 минут,
сотовый оператор подвел итоги года,
миллионы лет живем мы на нашей планете,
за шесть лет сложилась определенная линия,
за шесть лет ничего особо не изменилось,
месторождение завтрашнего дня,
я потерял чувство реальности на несколько дней,
"причина понятна , предвыборный год",
за три года осуществлено четыре эмиссии,
это потрясающий день для британской мясной промышленности,
начнем новый год с заботы о себе,
две недели промелькнули как один день,
он провел в клетке меньше месяца,
время непрерывной работы - до десяти часов,
самым сложным для спикера оказался прошлый год,
очереди за справками растягивались на несколько лет,
"словом , работа идет четвертый год",
их просьбу удовлетворили в течение нескольких недель,
сырье - это вчерашний день,
август у нас традиционно месяц кризисов,
через несколько дней погиб зять,
осиротевшая неделя,
по одному на каждый год работы думы,
начало месяца насыщено событиями,
неделя выдалась с конституционным оттенком,
что год грядущий нам готовит,
более десяти лет состоял на военной службе,
но полтора часа я наслаждался музыкой,
финал текущего года отмечен двумя яркими символами,
пока он еще переживает свой звездный час,
подведем итоги безрадостно уходящего года,
и это самый неприятный итог уходящего года,
это был час истины,
уходящий год был удачным для норильского комбината,
нужно уложиться в три месяца,
вот лишь некоторые из примеров прошлого года,
два года стояло ракетное производство,
шесть лет нами управляли упертые недоучки,
этот срок не должен превышать двух месяцев,
на сегодняшний день ситуация такова,
это вылилось в шесть месяцев тюремного заключения,
трудный и бурный третий год эфиопской революции,
в возрасте 83 лет он заболел плевритом,
следы давно минувших дней,
лет десять она провела в качестве жены,
минфин представит основные параметры бюджета на год,
вопрос открыт на протяжении уже полутора лет,
за три года она обзавелась третьим руководителем,
"год прошел , словно прошла боль",
приближался праздник октября,
строк действия соглашения - пять лет,
это минимальная цена последних трех недель,
срок обращения облигаций - три месяца,
обсуждение документа длилось более трех часов,
в прошлом году компания уволила 98 сотрудников,
они пробудут в столице три дня,
они падают два месяцев подряд,
индекс снижается уже четвертый день подряд,
производство сокращается уже девятый месяц подряд,
участники рынка отыгрывают падение предыдущих дней,
рост индекса продолжается пятый торговый день подряд,
дивиденды по итогам года не начислялись,
повышение индекса продолжается четвертый торговый день подряд,
срок временного хранения топлива - 5 лет,
тушение пожара длилось около часа,
на этом пленарная неделя закончилась,
встреча продолжалась около часа,
пожар ликвидировали за два часа,
их средний возраст около 7 лет,
объявлены первые нобелевские номинанты года,
здание более полутора лет пустовало,
это убийство оставалось тайной три года,
планируется также утвердить бюджет ассамблеи на год,
начало года будет напряженным,
акции германских компаний дешевели четвертый день подряд,
завод построен за пять месяцев,
санкции введены на год,
заседание продлится два дня,
спецпошлины будут действовать в течение трех лет,
православные отмечают родительскую субботу,
в течение года он оставался внефракционным депутатом,
их показания в суде длились около часов,
вместо этих дней предоставляется дополнительный выходной,
православные отмечают день великомученицы варвары,
выступление замминистра длилось около 15 минут,
история компании насчитывает 89 лет,
на ликвидацию пожара понадобилось менее часа,
радиомост длился час,
симферопольскому аэропорту исполняется 5 лет,
в военной журналистике - 18 лет,
работы должны продлиться несколько недель,
в году предприятие экспортировало 98 автомобилей,
крейсерская скорость - 85 км / час,
фестиваль будет работать в течение двух дней,
британец признан невиновным после 7 лет тюрьмы,
"однако , с начала года допущено отставание",
этот процесс займет около полутора лет,
информация обновляется каждые три часа,
продолжительность каждого сеанса - 5 минут,
сооружение монумента займет год,
подобную акцию планируется проводить каждый год,
в повестку дня внесен ряд других вопросов,
поездка продлится несколько часов,
все кредиты выдаются сроком на 3 лет,
встреча длилась два часа вместо запланированного часа,
автобус сгорел в течение часа,
льготный период составляет 3 года,
его спуск занял более девяти часов,
предполагается его построить за три года,
реципиент 6 месяцев ждал донорского сердца,
христиане всего мира отмечают великую пятницу,
правительство одобрило проект государственного бюджета на год,
ранее курс молодого бойца длился месяц,
самому молодому погребенному горняку было 19 лет,
первая неделя поста называется неделей торжества православия,
третья неделя поста посвящена кресту христову,
срок окупаемости проекта - около 5 лет,
это можно сделать за полтора месяца,
планируется осуществлять до шести запусков в год,
"ориентировочно , она составит до 8 часов",
реципиенту 41 год,
мощность завода - 35 вагонов в год,
встреча в таком формате продолжалась более часа,
движение состава было задержано на 5 минут,
срок полномочий состава курултая - 5 лет,
ему 45 лет,
группа ученых работала над ним три года,
кредиты предоставляются на срок до 5 лет,
православные отмечают прощеное воскресенье,
оно отвело на вывод войск три дня,
заблудившийся японец провел на горе 17 дней,
операция по захвату заняла несколько секунд,
для каждого часа будет своя мелодия,
деятельность школы рассчитана на 3 года,
их средний возраст составлял всего 7 лет,
хочу поздравить выпуск 1999 года,
они разговаривали 15 минут,
она продолжалась около 9 минут,
проект рассчитан на 3 года,
результаты проб от 3 марта еще обрабатываются,
срок окупаемости проекта - 9 года,
юморина продлится еще несколько дней,
остатки этого городища сохранились до наших дней,
синод будет заседать в течение трех дней,
операция длилась несколько секунд,
организаторы фестиваля планируют проводить его каждый год,
после празднования дня села заболело 7 человек,
продолжительность проекта - 4 месяца,
"как планируется , акция продлится 7 дней",
за пять лет планируется ликвидировать безработицу,
срок окупаемости проекта - 75 месяцев,
этот вопрос значится в повестке дня заседания,
священник голодает уже около месяца,
на все работы саперам понадобилось три часа,
комбинированный проездной на три месяца не предусматривается,
соглашение должно действовать 5 лет,
совещание длилось почти 5 часов,
проверь прогноз погоды на завтра,на завтра
какая погода будет завтра в москве,завтра
а послезавтра в саратове какая погода будет,послезавтра
"известно ли , какая погода будет завтра",завтра
"ладно , посмотри , какая погода будет завтра",завтра
какая будет погода завтра,завтра
"интересно , какая сегодня будет погода",сегодня
"хотелось бы узнать , что за погода будет завтра и послезавтра",завтра и послезавтра
"не мог бы ты посмотреть , какая погода завтра будет",завтра
"будь другом , посмотри , какая погода сегодня вечером ожидается",сегодня вечером
"я бы хотел узнать , как завтра будет погода",завтра
"меня интересует , какая погода будет ближайшие два дня",ближайшие два дня
"мне хочется знать , в ближайшие дни какая погода ожидается",в ближайшие дни
"а какая погодка будет в ближайшую неделю , скажи пожалуйста",в ближайшую неделю
а что у нас с погодой вечером,вечером
погода какая ожидается вечером после 6,вечером после 6
какая будет погода в районе 8 часов вечера,в районе 8 часов вечера
сегодня и в следующие 2 дня какая будет погода,сегодня и в следующие 2 дня
какая погода будет 1 сентября,1 сентября
31 января какая погода ожидается,31 января
какая погода ожидается на выходных,на выходных
какая погода будет в предстоящие праздники,в предстоящие праздники
хорошая ли погода будет на эти выходные,на эти выходные
покажи погоду с 3 января,с 3 января
расскажи мне погоду на завтра и последующие пару дней,на завтра и последующие пару дней
какая погода ожидается 12 сентября,12 сентября
на 5 августа посмотри погоду в сочи,на 5 августа
проверь насчет погоды в анапе с 10 мая,с 10 мая
что в плане погоды нас ждет завтра днем,завтра днем
неужели завтрашний день обещает быть таким же погожим,завтрашний
завтра дождя случайно не предвидится,завтра
"что там с прогнозом на субботу , будет ли дождь или солнечно",на субботу
завтра потеплеет,завтра
давай - ка взглянем на прогноз погоды на 15 ноября,на 15 ноября
следующее пленарное заседание назначено на 8 февраля,на 8 февраля
очередная встреча намечена на конец февраля,на конец февраля
в понедельник прошло еженедельное совещание в мэрии,в понедельник
случилось это в 1995 году,в 1995 году
ночью 9 июля были совершены две кражи,ночью 9 июля
через пять дней вымогатель получает требуемую сумму,через пять дней
через год у них появился мальчик,через год
все решится в ближайшие несколько дней,в ближайшие несколько дней
первые бомбы упали 4 марта,4 марта
в действительности он родился 15 января,15 января
решение вступает в силу 15 сентября,15 сентября
голосование состоялось 19 декабря,19 декабря
обоих обвинили еще в 1995 году,в 1995 году
они предприняли этот шаг 5 декабря,5 декабря
позднее акция была перенесена на 7 февраля,на 7 февраля
первый спектакль здесь состоялся 2 декабря 1874 года,2 декабря 1874 года
народный банк создан в 1991 году,в 1991 году
погибший был найден в этот же день,в этот же день
с 9 сентября там начались расстрелы евреев,с 9 сентября
конференция завершит работу 3 марта,3 марта
работы планируется начать в первой декаде апреля,в первой декаде апреля
папе римскому через месяц исполняется 8 года,через месяц
похороны королевы - матери состоятся 9 апреля,9 апреля
в пятницу торговля нефтепродуктами практически не осуществлялась,в пятницу
он был задержан в апреле 1993 года,в апреле 1993 года
визит фрегата продлится до 5 июня,до 5 июня
визит ожидается в октябре текущего года,в октябре текущего года
результаты голосования станут известны дней через десять,дней через десять
об этом сообщил в пятницу представитель музыканта,в пятницу
их отправка намечена на 15 августа,на 15 августа
весной прошлого года строительство крейсера было возобновлено,весной прошлого года
на сегодняшний день обстановка благополучная,на сегодняшний день
выборы главы государства назначены на 31 октября,на 31 октября
сергей был госпитализирован в минувшую пятницу,в минувшую пятницу
еще два вертолета прилетели во вторник,во вторник
этот праздник ежегодно отмечается 1 октября,1 октября
впервые она была издана в 1999 году,в 1999 году
день учителя отмечается в первое воскресенье октября,в первое воскресенье октября
финал соревнований состоится 3 декабря,3 декабря
его строительство началось в 1973 году,в 1973 году
остальные будут отправлены в пятницу,в пятницу
линия работает с 4 января,с 4 января
"как ожидается , голосование состоится 11 января",11 января
развертывание миротворцев завершится к середине февраля,к середине февраля
межпартийный съезд блока состоится 1 января,1 января
санкции должны вступить в силу 3 января,3 января
в прошлом году аналогичный иск был отклонен,в прошлом году
соглашение было ратифицировано парламентом 18 января,18 января
работники образования бастовали с 8 декабря,с 8 декабря
второе заседание ассамблеи планируется на конец марта,на конец марта
прием заявок завершается 13 марта,13 марта
первый запуск намечен на июль этого года,на июль этого года
во вторник в регионе наблюдались небольшие осадки,во вторник
работа миссии продлится до 15 апреля,до 15 апреля
трагедия якобы произошла 8 апреля,8 апреля
перепись населения завершилась в воскресенье,в воскресенье
в понедельник акция прошла без инцидентов,в понедельник
во вторник работы продолжатся,во вторник
лодка перевернулась еще 8 апреля,8 апреля
отчет правительства в парламенте пройдет 17 апреля,17 апреля
нашему янтарю 14 августа исполнится 14 лет,14 августа
семинар продлится до 11 мая,до 11 мая
в пятницу снижение курса было более существенным,в пятницу
конкурсы должны состоятся в конце июня,в конце июня
визит военных из германии завершается в пятницу,в пятницу
в четверг начала забастовку шахта,в четверг
в одесской области работы завершены 8 июля,8 июля
верфь была построена в 1949 году,в 1949 году
официальное открытие учений состоится 14 июля,14 июля
родился в 1954 году,в 1954 году
весной нынешнего года начались первые выплаты,весной нынешнего года
в ночь на пятницу утечка нефтепродукта прекращена,в ночь на пятницу
находка была сделана в четверг вечером,в четверг вечером
день строителя отмечается 1 августа,1 августа
вахта космонавтов завершится в конце августа,в конце августа
в понедельник они возвратились домой,в понедельник
выборы президента состоятся 31 октября 1999 года,31 октября 1999 года
суд назначен на 3 сентября 1998 года,3 сентября 1998 года
визит турецких военных моряков завершится 14 сентября,14 сентября
торги завершились поздно вечером во вторник,вечером во вторник
последний срок регистрации - 14 октября,14 октября
окончание строительства - декабрь 1 года,декабрь 1 года
окончание строительства - февраль 3 года,февраль 3 года
итоги конкурса предполагается подвести 15 октября,15 октября
визит состоялся в начале октября,в начале октября
детей нашли только во вторник утром,во вторник утром
об этом в четверг сообщает местное радио,в четверг
заседание в пятницу проходит в спокойной обстановке,в пятницу
официально зарегистрирована в 1993 году,в 1993 году
во вторник в парламенте пройдет день правительства,во вторник
строительство станции началось в 1973 году,в 1973 году
заседание апелляционной комиссии состоится ориентировочно 17 февраля,17 февраля
первая состоялась в феврале прошлого года,в феврале прошлого года
конкурс состоится через 4 дней,через 4 дней
конференция пройдет с 11 по 1 февраля,с 11 по 1 февраля
в этом году произошли две крупные трагедии,в этом году
валютный рынок в воскресенье был малоактивен,в воскресенье
такое заявление распространило британское правительство в понедельник,в понедельник
родители оставили в воскресенье детей без присмотра,в воскресенье
обсуждение продолжится на вечернем заседании во вторник,во вторник
во вторник движение автобуса восстановлено,во вторник
подготовка к параду началась тут 15 июня,15 июня
переговоры начнутся 1 июля,1 июля
их вахта завершится в конце августа,в конце августа
новый бюллетень будет опубликован 14 августа,14 августа
бои продолжались днем в субботу,в субботу
предполагается завершить ремонтные работы 14 сентября,14 сентября
первые заболевшие зарегистрированы 4 июля,4 июля
на пятницу запланировано рассмотрение ряда экономических законопроектов,на пятницу
во вторник миссия посетит министерство финансов,во вторник
он приходится на третий четверг ноября,на третий четверг ноября
в конце сентября финансирование было приостановлено,в конце сентября
огонь был потушен в понедельник вечером,в понедельник вечером
указанный срок прошел 13 декабря прошлого года,13 декабря прошлого года
сессия начинается в первый вторник февраля,в первый вторник февраля
парламент рассмотрел в пятницу ряд экономических законопроектов,в пятницу ряд
возвращение премьера ожидается вечером во вторник,вечером во вторник
следующая встреча запланирована на конец марта,на конец марта
опрос проводился в начале февраля,в начале февраля
она должна завершиться 1 апреля текущего года,1 апреля текущего года
в 1998 году таких случаев не выявлено,в 1998 году
день окружающей среды отмечается 15 апреля,15 апреля
через три часа его удалось ликвидировать,через три часа
француз родился в 1954 году,в 1954 году
бегом ветеран начал заниматься в 1944 году,в 1944 году
фазаний питомник был организован в 1957 году,в 1957 году
аналогичная ситуация наблюдалась и в прошлом году,в прошлом году
круглый стол завершит работу в субботу,в субботу
через час пожар удалось ликвидировать,через час
это сотрудничество началось в 1995 году,в 1995 году
снаряды будут ликвидированы в пятницу,в пятницу
во вторник ожидается отчет правительства в парламенте,во вторник
голосование состоится в четверг,в четверг
в пятницу ночью они покинули помещение,в пятницу ночью
восстановительные работы планируется завершить до 14 марта,до 14 марта
прощание с покойным состоится 14 апреля,14 апреля
цены были повышены 31 марта текущего года,31 марта текущего года
пасха в нынешнем году отмечается 15 апреля,15 апреля
бочки были найдены в пятницу,в пятницу
в воскресенье закончились просмотры первого тура,в воскресенье
через час пары аммиака были нейтрализованы,через час
после трагедии во вторник она была отменена,во вторник
выборы состоялись в прошедшее воскресенье,в прошедшее воскресенье
опрос проводился в первую неделю декабря,в первую неделю декабря
форум продолжит работу в пятницу,в пятницу
церемония прощания с подводником пройдет в пятницу,в пятницу
визит македонской военной делегации завершится 1 января,1 января
госпиталь приступил к работе 3 февраля,3 февраля
заказ планируется завершить до конца года,до конца года
обмен завершается 15 марта,15 марта
его первое собрание акционеров состоится 7 апреля,7 апреля
родился в январе 1939 года,в январе 1939 года
первая прошла в октябре прошлого года,в октябре прошлого года
заседание рабочей группы закончится во вторник,во вторник
соглашение было подписано 14 февраля минувшего года,14 февраля минувшего года
ремонт будет продолжаться до 11 октября,до 11 октября
он 1948 года рождения,1948 года
на рынке эта фирма с 1839 года,с 1839 года
саммит пройдет в пятницу в елисейском дворце,в пятницу
отопительный сезон начинается в середине октября,в середине октября
в четверг пиротехнические работы будут продолжены,в четверг
это утверждает в пятницу иранское телевидение,в пятницу
в четверг торги не проводились,в четверг
парламент во вторник заслушает отчет правительства,во вторник
через 14 секунд послышался другой шум,через 14 секунд
все три заявления поступили в пятницу,в пятницу
оно опубликовано в пятницу,в пятницу
в ночь на понедельник авария была ликвидирована,в ночь на понедельник
попытку самосожжения шахтер предпринял ночью в понедельник,ночью в понедельник
в пятницу бастовали учителя 3 школ,в пятницу
об этом министр заявил журналистам в пятницу,в пятницу
в четверг на ней прошли первые торги,в четверг
апрельский опрос проводился в первую неделю мая,в первую неделю мая
первый случай отравления был зафиксирован 8 июня,8 июня
умер в 1984 году,в 1984 году
авария произошла во вторник утром,во вторник утром
итоги конкурса будут подведены через 45 дней,через 45 дней
саммит пройдет в пятницу,в пятницу
активная фаза учений началась 14 сентября,14 сентября
учения завершаются 15 сентября,15 сентября
поэтому заседание переносится на четверг 17 января,на четверг 17 января
в четверг утром суд продолжит заседание,в четверг утром
пожар был ликвидирован только через 4 часа,через 4 часа
такое решение приняла в четверг сессия горсовета,в четверг
в четверг планируется принять окончательное решение,в четверг
в субботу съезд завершит свою работу,в субботу
огонь был локализован в воскресенье вечером,в воскресенье вечером
заседание правительства начнется во второй половине дня,во второй половине дня
заседание продолжится во второй половине дня понедельника,во второй половине дня понедельника
в четверг и пятницу ситуация стабилизировалась,в четверг и пятницу
их производство было освоено в начале года,в начале года
работы должны быть завершены в будущем году,в будущем году
в следующем году планируется произвести 59 млн,в следующем году
в следующем году продолжится,в следующем году
строительство цеха началось более года назад,более года назад
экю было подписано в мае текущего года,в мае текущего года
картины были украдены 18 марта прошлого года,18 марта прошлого года
в конце сентября финансирование приостановлено,в конце сентября
межбанковский курс в четверг существенно снизился,в четверг
завершение программы запланировано на август этого года,на август этого года
в субботу зафиксировано 19 преступлений,в субботу
в воскресенье в столице совершено два изнасилования,в воскресенье
результаты подводятся за час до начала церемонии,за час до начала церемонии
путин прибывает в киев вечером в понедельник,вечером в понедельник
этот рекорд был установлен в 1987 году,в 1987 году
в апреле этого года музей получил новое помещение,в апреле этого года
предприятие основано в 1934 году,в 1934 году
конкурсы должны были состояться в конце июня,в конце июня
в воскресенье ожидается сильная магнитная буря,в воскресенье
открытие владимирского собора запланировано на 8 июля,на 8 июля
их развертывание планируется завершить к понедельнику,к понедельнику
массовое паломничество возобновилось с 1988 года,с 1988 года
размещение акций началось 1 августа,1 августа
в этом году они особенно значительны,в этом году
ориентировочное время подхода пятна - 19 января,19 января
днем в четверг пройдет церемония награждения победителей,днем в четверг
но через год был освобожден,через год
тенденция роста сохранилась и в нынешнем году,в нынешнем году
автомобиль был задержан в ночь на вторник,на вторник
через несколько часов вытекание топливо ликвидировано,через несколько часов
обсуждение продолжится в пятницу,в пятницу
торжественная церемония открытия лицея состоится 5 сентября,5 сентября
в нынешнем году она использована наполовину,в нынешнем году
голосование по ним будет проводиться в четверг,в четверг
к субботе ситуация несколько стабилизировалась,к субботе
вечером в воскресенье началась страстная неделя,вечером в воскресенье
в воскресенье поиск снарядов продолжается,в воскресенье
в воскресенье эти работы будут продолжены,в воскресенье
животное было забито 4 июня,4 июня
он вышел на свободу около года назад,около года назад
на воскресенье синоптики прояснения не обещают,на воскресенье
в субботу заряд был взорван,в субботу
остальная часть зарплаты будет выплачена до июля,до июля
в воскресенье в стране отмечается день строителя,в воскресенье
в понедельник утром рубль девальвировал быстрее,в понедельник
день танкиста отмечается во второе воскресенье сентября,во второе воскресенье сентября
преступники сбежали из бутырского сизо 5 сентября,5 сентября
внебиржевой рынок в понедельник не функционировал,в понедельник
их перезахоронение запланировано на 14 октября,на 14 октября
в четверг начался священный месяц мусульман рамадан,в четверг
о проведении в субботу предвыборных съездов,в субботу
морской транспортный банк создан в 1993 году,в 1993 году
котировки европейских акций в четверг утром падали,в четверг утром
акции европейских банков в пятницу утром дорожали,в пятницу утром
эксперты прогнозируют снижение курса иены в понедельник,в понедельник
европейские фондовые индексы в четверг утром снизились,в четверг утром
выполнение девятой фазы программы завершилось 4 июня,4 июня
ближайший рейс должен состояться только 15 сентября,15 сентября
американские рынки во вторник будут закрыты,во вторник
начало его строительства намечено на декабрь,на декабрь
погашение займа начнется с апреля текущего года,с апреля текущего года
в нынешнем году комбинат продолжает наращивать производство,в нынешнем году
первое заседание комитета намечено на конец октября,на конец октября
депутаты во вторник рассмотрели три проекта постановления,во вторник
конкурс состоится через месяц,через месяц
азиатские фондовые индексы в четверг снижаются,в четверг
эти данные будут обнародованы в пятницу,в пятницу
их планируется погасить в текущем году,в текущем году
в четверг курс доллара снижался,в четверг
японские фармацевтические компании дорожают во вторник,во вторник
котировки акций японских компаний в понедельник снижалась,в понедельник
американский рынок в пятницу открылся падением котировок,в пятницу
продажа была осуществлена в прошлом году,в прошлом году
акции европейских фирм также подешевели во вторник,во вторник
акции японских экспортеров дорожают в понедельник,в понедельник
в пятницу ожидаются официальные данные по безработице,в пятницу
окончательные данные станут известны в течение месяца,в течение месяца
обвал европейского рынка акций в пятницу продолжается,в пятницу
в четверг подорожали акции сетей розничной торговли,в четверг
"согласно регламенту , голосование проходит по четвергам",по четвергам
также в пятницу дорожали бумаги банков,в пятницу
ситуация должна проясниться в ближайшие два дня,в ближайшие два дня
через три дня началось обвальное падение рубля,через три дня
принять решение гражданам предстоит до сентября,до сентября
в конце месяца угадавшие разыгрывают телевизор,в конце месяца
стараюсь по воскресеньям не садиться за руль,по воскресеньям
это произошло в середине июня прошлого года,в середине июня прошлого года
минут через пять разразился скандал,минут через пять
через пару часов последовал очередной скандал,через пару часов
в этом году подъема не будет,в этом году
его казнь состоялась на исходе 1985 года,на исходе 1985 года
город был основан более тысячи лет назад,более тысячи лет назад
тридцать лет назад никаких небоскребов не было,тридцать лет назад
три года назад третьяковский район покинули грызуны,три года назад
"возможно , это произойдет уже в пятницу",в пятницу
открытие тендера ожидается в начале года,в начале года
эта информация появилась несколько дней назад,несколько дней назад
это ожидается в середине сентября,в середине сентября
она должна пройти в будущем году,в будущем году
официальное открытие фабрики произошло в середине июня,в середине июня
в конце августа оно вышло в свет,в конце августа
запуск системы планируется осуществить в ближайший месяц,в ближайший месяц
начать сражение предполагалось 9 июня,9 июня
аудит должен быть завершен до конца сентября,до конца сентября
в первом полугодии года транспорт не подорожает,в первом полугодии
строительство начнется в середине этого года,в середине этого года
уже к середине дня падение продолжилось,к середине дня
официальное предложение было сделано утром 3 июня,утром 3 июня
весной 1995 года партнеры расстались,весной 1995 года
через год он стал прилежным студентом,через год он
избежать общения с цветочником 8 марта невозможно,8 марта
через 3 дня случился финансовый кризис,через 3 дня
партнеры создали свою компанию полтора года назад,полтора года назад
компаньоны приступили к работе осенью 1999 года,осенью 1999 года
чайная церемония по пятницам,по пятницам
в течение года и летом проводятся факультативы,в течение года и летом
с сентября по февраль стороны вели переговоры,с сентября по февраль
через девять лет он ушел в отставку,через девять лет
через двадцать три минуты полета раздался взрыв,через двадцать три минуты полета
рассмотрение проекта отложено на начало будущего года,на начало будущего года
подобное уже случалось несколько лет назад,несколько лет назад
через год все может измениться,через год
хуже всего ситуация сложилась к концу года,к концу года
три года спустя твид скончался в тюрьме,три года спустя
повторный опрос проведен в начале этого года,в начале этого года
сама компания была создана спустя год,спустя год
беспорядки удалось ликвидировать только через несколько дней,только через несколько дней
понедельник прогнозируется в субботу,в субботу
мне становится скучно на второй день,на второй день
сделка готовилась с прошлого года,с прошлого года
наш поезд отправляется каждый вторник,каждый вторник
в конце октября германия капитулировала,в конце октября
ситуация кардинально изменилась в прошлом году,в прошлом году
строительные работы планируется завершить к апрелю,к апрелю
в минувшем году банк работал чрезвычайно напряженно,в минувшем году
с сентября на винзаводе не прекращались проверки,с сентября
они собирались каждый месяц,каждый месяц
в конце этого года появится шестая серия,в конце этого года
переговоры велись с сентября прошлого года,с сентября прошлого года
к сентябрю 1998 года финансирование фактически прекратилось,к сентябрю 1998 года
продажи автомобиля начнутся в этом году,в этом году
вторая ошибка была совершена летом 1998 года,летом 1998 года
к концу года откроются две из них,к концу года
мы ведем переговоры с клиентами каждый день,каждый день
ситуация стабилизировалась в конце прошлого года,в конце прошлого года
с нового года они станут музейными экспонатами,с нового года
опровержения последуют лишь в понедельник,в понедельник
этот прогноз сбылся через два месяца,через два месяца
запуск планировался еще в прошлом году,в прошлом году
до февраля все шло как по нотам,до февраля
"через два часа у нас презентация """,через два часа
через минут пятнадцать я его встретил снова,через минут пятнадцать
причем такое соотношение сохраняется последние четыре года,последние четыре года
но через месяц все можно повторить сначала,через месяц
но 15 лет назад ситуация резко изменилась,15 лет назад
мне сегодня стало жаль человека,сегодня
"настеньке , внученьке сегодня 3 годика",сегодня
крис прости я не смогу сегодня,сегодня
"вот , утром размечталась",утром
сегодня ночью умер винничук павел иванович,сегодня ночью
сегодня соглашение подписано не будет,сегодня
ситуация сегодня обстоит именно таким образом,сегодня
сегодня у нас состоялись длительные обсуждения,сегодня
сегодня мы сделали это,сегодня
сегодня произошло несколько крупных встреч,сегодня
я уже беседовал с ней сегодня вечером,сегодня вечером
такова ситуация на сегодня,на сегодня
уже завтра утром они начнут эту работу,завтра утром
как раз этим я занимался сегодня утром,сегодня утром
я беседовал с ним сегодня днем,сегодня днем
вот о чем мне хотелось объявить сегодня,сегодня
сегодня вечером соединенные штаты делают именно это,сегодня вечером
сегодня это стало ясно,сегодня
как много вас собралось здесь сегодня,сегодня
"президент , сегодня я возвращаюсь на переговоры",сегодня
встреча должна состояться в понедельник вечером,в понедельник вечером
сегодня правительство воспользовалось указанным правом,сегодня
именно это решение предлагают сегодня сторонники компромисса,сегодня
сегодня перемещение возобновится,сегодня
именно такая вера нужна нам сегодня,сегодня
"сегодня ситуация , кажется , чуть успокоилась",сегодня
он может сделать это хоть завтра,завтра
я еще раз сказал об этом сегодня,сегодня
тоже самое будет завтра,завтра
сегодня вы помогаете вновь переломить эту тенденцию,сегодня
вечером того же дня склад был взломан,вечером того же дня
сегодня идет процесс формирования нашего бюджета,сегодня
так что сегодня замечательный день,сегодня
об этих будущих изменениях необходимо думать сегодня,сегодня
для меня большая честь находиться здесь сегодня,сегодня
сегодня я изложил философию нашего трансатлантического сообщества,сегодня
сегодня мы не видим военных на улице,сегодня
вечером здесь же состоится эстрадный концерт,вечером
находка была сделана в четверг вечером,в четверг вечером
торги завершились поздно вечером во вторник,вечером во вторник
после обеда все участники соберутся около ратуши,после обеда
детей нашли только во вторник утром,во вторник утром
утром в зале зарегистрировались 54 депутата,утром в зале
утром горячее водоснабжение восстановлено,утром
бои продолжались днем в субботу,днем в субботу
огонь был потушен в понедельник вечером,в понедельник вечером
возвращение премьера ожидается вечером во вторник,вечером во вторник
полностью ее планируется завершить сегодня - завтра,сегодня - завтра
авария произошла поздно вечером во вторник,вечером во вторник
авария произошла во вторник утром,во вторник утром
разлив топлива обнаружен в среду утром,в среду утром
в четверг утром суд продолжит заседание,в четверг утром
огонь был локализован в воскресенье вечером,в воскресенье вечером
сегодня отмечается крещение господне,
они также прибыли сегодня в царское село,сегодня
сегодня работает около 15,сегодня
сегодня их состояние удовлетворительное,сегодня
на предприятии сегодня сложилась сложная финансовая ситуация,сегодня
остальные могут присоединиться к забастовке завтра,завтра
затем вечером состоится церемония награждения победителя,вечером
сегодня это обращение будет направлено президенту,сегодня
уже сегодня известны возможные соперники киевлян,сегодня
авария ликвидирована в воскресенье вечером,в воскресенье вечером
это произошло в понедельник рано утром,в понедельник рано утром
официальная часть визита начнется во вторник утром,во вторник утром
авария произошла в пятницу вечером,в пятницу вечером
похороны погибших шахтеров пройдут днем во вторник,днем во вторник
сегодня аварийная зона заполняется инертным газом,сегодня
авария произошла рано утром во вторник,рано утром во вторник
указ об этом подписан в понедельник вечером,в понедельник вечером
после обеда универмаг снова приступил к работе,после обеда
вечером в городе состоится праздничный фейерверк,вечером
вечером 4 декабря - сочельник,вечером 4 декабря
"погода днем солнечная , местами небольшой ветер",днем
перед судом сегодня предстанут 5 из них,сегодня
инцидент произошел рано утром во вторник,рано утром во вторник
после обеда пройдут секционные заседания,после обеда
очередное выдвижение кандидатур прошло вечером в среду,вечером в среду
окончательные результаты будут известны в понедельник утром,в понедельник утром
наиболее сильные порывы наблюдались вечером 5 марта,вечером 5 марта
поздно вечером электроснабжение шахты было восстановлено полностью,поздно вечером
утром 7 декабря он отбудет на родину,утром 7 декабря
льдина откололась от берега в понедельник вечером,в понедельник вечером
вечером в понедельник мэр вернется в столицу,вечером в понедельник
авария произошла поздно вечером в субботу,поздно вечером в субботу
вечером состоится праздничный фейерверк,вечером
первое недомогание президент почувствовал в четверг утром,в четверг утром
решение будет обнародовано утром в среду,утром в среду
его прибытие ожидается поздним вечером,поздним вечером
днем пожар удалось ликвидировать,днем
сегодня этого не случилось,сегодня
последствия аварии ликвидированы ранним утром в воскресенье,ранним утром в воскресенье
подъем автобуса будет производиться утром в понедельник,утром в понедельник
"планируется , что голосование пройдет уже сегодня",сегодня
утром в парламенте состоялась первая попытка голосования,утром
утром в воскресенье подача газа восстановлена,утром в воскресенье
после обеда депутаты продолжат работу в комиссиях,после обеда
вечером в воскресенье началась страстная неделя,вечером в воскресенье
вечером его удалось локализовать,вечером
рано утром вытекание газа прекращено,рано утром
сегодня мы провели небольшую репетицию,сегодня
"вы сегодня немного поговорили , немного поругались",сегодня
вы ее оставили и пришли сегодня сюда,сегодня
котировки европейских акций в четверг утром падали,в четверг утром
акции европейских банков в пятницу утром дорожали,в пятницу утром
европейские фондовые индексы в четверг утром снизились,в четверг утром
европейские фондовые индексы в четверг утром упали,в четверг утром
европейские акции во вторник утром дешевели,во вторник утром
европейские фондовые индексы в среду утром падали,в среду утром
цены российских акций утром в среду снижались,утром в среду
акции европейских компаний в четверг утром дорожали,в четверг утром
европейские фондовые индексы в четверг утром выросли,в четверг утром
акции европейских компаний во вторник утром подешевели,во вторник утром
европейские фондовые индексы в понедельник утром упали,в понедельник утром
акции европейских компаний во вторник утром дорожали,во вторник утром
европейские фондовые индексы в среду утром снижались,в среду утром
европейские фондовые индексы в четверг утром росли,в четверг утром
европейские акции во вторник утром дорожали,во вторник утром
котировки европейских компаний в четверг утром выросли,в четверг утром
европейские страховые акции в среду утром дешевели,в среду утром
европейские фондовые индексы во вторник утром снижались,во вторник утром
европейские фондовые индексы в среду утром упали,в среду утром
акции европейских автопроизводителей в пятницу утром подорожали,в пятницу утром
европейские фондовые индексы в пятницу днем падали,в пятницу днем
однако сегодня эти шаги выглядят вполне резонными,сегодня
именно оно господствует сегодня на мировых экранах,сегодня
повод оглянуться назад появился уже сегодня,сегодня
такой здравый подход особенно актуален сегодня,сегодня
на перепутье пребывает сегодня самарское двигателестроение,сегодня
эти цели остаются насущными и сегодня,сегодня
сегодня он отвечает на наши вопросы,сегодня
будущее начинается уже сегодня,сегодня
сегодня в читинской области внешне спокойно,сегодня
после обеда я опять работаю,после обеда
хотя уже сегодня все операции банка компьютеризированы,сегодня
в индии чай подают утром в постель,утром
хороших сценариев сегодня очень мало,сегодня
"настоящих дизайнеров , творцов сегодня очень мало",сегодня
что делать вечером,вечером
да потому что сегодня возможно все,сегодня
сегодня праздник - международный день защиты детей,сегодня
принимать душ утром и вечером,утром и вечером
однажды поздно вечером раздался очередной звонок,поздно вечером
я сегодня без тачки,сегодня
вечером заеду,вечером
утром в понедельник женщине захотелось выпить,утром в понедельник
не проводил вечером,вечером
поздно вечером на ордынке я увидел парочку,поздно вечером
утром дают кофе с молоком и сахаром,утром
"что ж , завтра начнется новая жизнь",завтра
вечером у костра завершился конкурс художественной самодеятельности,вечером
можно утром пройти по росе,утром
завтра - международный день пожилых людей,завтра
его лучше нанести вечером,вечером
"дело было вечером , делать было нечего",дело
часть их потоков там обслуживается и сегодня,сегодня
официальное предложение было сделано утром 3 июня,утром 3 июня
"особенно сегодня , когда все это делают",сегодня
после обеда занятия возобновляются,после обеда
"вечером откапывают , разделывают , едят",вечером
завтра на работу,завтра
это случилось вечером в минувшую среду,вечером в минувшую среду
есть утром натощак по полстакана отвара,утром
трагедия произошла утром 8 октября,утром 8 октября
вызов с заповедной улицы поступил поздно вечером,поздно вечером
это произошло в минувшую субботу рано утром,в минувшую субботу рано утром
вечером к бункеру я больше не выходил,вечером
"утром казалось , погода благоприятствовала нашей дерзости",утром
днем - традиционное чаепитие,днем
гадюки любят днем погреться на солнышке,днем
завтра один из великих праздников православной церкви,завтра
это случилось рано утром,рано утром
"витамины пить утром , после завтрака","утром , после завтрака"
школа в отрадном сегодня арестована,сегодня
подготовка других выставок ведется уже сегодня,сегодня
мне завтра будет нужна курица,завтра
испытанный комплект уедет сегодня,сегодня
"а то днем опять слепни закусают """,днем
завтра зенит сыграет с московским динамо,завтра
вечером - праздничный фейерверк,вечером
утром я торопилась и ничего не записала,утром
малыша обнаружили утром случайные прохожие,утром
народ стал расходиться лишь поздно вечером,поздно вечером
завтра у нас снова высокий гость,завтра
поздно вечером еду с работы,поздно вечером
это произошло в минувшую субботу вечером,в минувшую субботу вечером
утром выкурил последнюю сигарету,утром
утром вдыхаю свежий воздух полной грудью,утром
вечером - юбилейные спектакли,вечером
пожар случился вечером,вечером
завтра вставать ни свет ни заря,завтра
дощатая конструкция сегодня держится на честном слове,сегодня
возможности ультразвукового исследования сегодня очень обширны,сегодня
поезд пришел рано утром,рано утром
приемы нынешних воров сегодня не слишком изысканны,сегодня
но подготовка идет уже сегодня,сегодня
сегодня музыка вернулась в парк,сегодня
замурованного обнаружили утром,утром
подработать сегодня хотят многие старшеклассники и студенты,сегодня
просто сегодня мне пить придется,сегодня
копать днем стало невозможно,днем
а она должна появиться сегодня вечером,сегодня вечером
тем не менее сегодня решение практически принято,сегодня
а утром в войсковую больницу привезли убитых,утром
а завтра они вернутся на войну,завтра
просто вчера вечером наплакалась по пустякам,вчера вечером
здорово ощутить вечером усталость после многокилометрового марша,вечером
"вечером - олимпиады , очередные туры марафона",вечером
утром убежит,утром
завтра их раздадут очередным выразителям народного стона,завтра
следующим вечером мы катались на яхте,следующим вечером
уже завтра узнаете,завтра
вечером - на работу,вечером
сегодня день скорби и радости,сегодня
утром - школа,утром
после обеда налегают на правила дорожного движения,после обеда
рано утром состоялись сбор и регистрация команд,рано утром
ее сиделка сегодня заболела,сегодня
ранним утром привокзальная площадь овеяна романтической дымкой,ранним утром
утром уже все готово к сдаче смены,утром
только утром вам вряд ли кто позавидует,утром
а вечером прикатила братва на джипах,вечером
сегодня - день смеха,сегодня
это случилось вечером 1 мая,вечером 1 мая
начался он в пятницу вечером,в пятницу вечером
вечером с соседским мальчишкой катался на велосипеде,вечером
в мебельных магазинах сегодня огромный выбор матрасов,сегодня
надеемся хоть завтра уехать,завтра
вчера вечером экспедиция должна была вернуться домой,вчера вечером
похороны мичмана полянского назначены на завтра,на завтра
вечером в воскресенье делегация вылетит на родину,вечером в воскресенье
наибольшая концентрация пыльцы в воздухе - утром,утром
утром связался с родственниками умерших,утром
очередная авария произошла вчера рано утром,вчера рано утром
в среду вечером состоялась тренировочная внутрикомандная игра,в среду вечером
завтра гости отправляются домой,завтра
завтра кубанцы нетвердой рукою сдвинут бокалы,завтра
станичники обнаружили обгоревший труп ранним утром,ранним утром
в пятницу вечером это привело к трагедии,в пятницу вечером
"решила , отнесу утром к поликлинике",утром
дело было ранним утром минувшего четверга,ранним утром минувшего четверга
собаку утром выгуливает теща,утром
а ей послезавтра исполняется девятнадцать,послезавтра
выезжаем утром с круглосуточной стоянки,утром
завтра - последний день отправки раскрасок,завтра
и однажды утром машину засекли,однажды утром
аварии чаще происходят утром и вечером,утром и вечером
кто станцует завтра для краснодарцев,завтра
в милицию родственники обратились утром,утром
завтра я деньги привезу,завтра
утром в воскресенье погорельцем стал анапский район,утром в воскресенье
погасили огонь уже поздно вечером,поздно вечером
хватит вам времени для полива и днем,днем
днем шестнадцать - восемнадцать мороза,днем
десятого января днем на пару градусов потеплеет,десятого января днем
"например , поздно вечером или утром",поздно вечером или утром
утром следующего дня он скончался,утром следующего дня
еще накануне вечером она собиралась жить,накануне вечером
а в продаже диски появятся уже завтра,завтра
утром стали известны итоги выборов,утром
утром проблемные места почистить пемзой,утром
